{
  "project_info": {
    "project_number": "115935675563",
    "firebase_url": "https://signupin-b1a6f.firebaseio.com",
    "project_id": "signupin-b1a6f",
    "storage_bucket": "signupin-b1a6f.appspot.com"
  },
  "client": [
    {
      "client_info": {
        "mobilesdk_app_id": "1:115935675563:android:48eec73c96f39ea65d63ee",
        "android_client_info": {
          "package_name": "org.androidtown.alcohol"
        }
      },
      "oauth_client": [
        {
          "client_id": "115935675563-15dp8iq0pjap1vig12raqblruj726b17.apps.googleusercontent.com",
          "client_type": 1,
          "android_info": {
            "package_name": "org.androidtown.alcohol",
            "certificate_hash": "9b27d9b9b86403da38d1a6095d5bbcc376bb81ff"
          }
        },
        {
          "client_id": "115935675563-qto3pk8cd5p12e7cvjkhqqho2h80be2m.apps.googleusercontent.com",
          "client_type": 3
        }
      ],
      "api_key": [
        {
          "current_key": "AIzaSyCTypBCZglIEUkoMSyN5QPl2AaWxdH1h0k"
        }
      ],
      "services": {
        "appinvite_service": {
          "other_platform_oauth_client": [
            {
              "client_id": "115935675563-qto3pk8cd5p12e7cvjkhqqho2h80be2m.apps.googleusercontent.com",
              "client_type": 3
            }
          ]
        }
      }
    }
  ],
  "configuration_version": "1"
}